Id;Last_name;Name;Login;Password;Role;
1;Rodriguez;Theodore;user1;74575;admin;
2;Torres;Zoey;user2;39054;admin;
3;Taylor;Victoria;user3;00196;admin;
4;Moore;Ava;user1;71563;user;
5;Hernandez;Logan;user2;55335;user;
6;Taylor;Jaxon;user3;64205;user;
7;Thompson;Logan;user4;88373;user;
8;Adams;Chloe;user5;04047;user;
9;Anderson;Penelope;user6;77999;user;
10;Garcia;Nora;user7;72319;user;
11;Harris;Emma;user8;62744;user;
12;Mitchell;Mila;user9;78204;user;
13;Gonzalez;Matthew;user10;17388;user;
14;Jackson;Ezra;user11;77018;user;
15;Walker;Anthony;user12;99742;user;
16;Johnson;Daniel;user13;75117;user;
17;Jones;Zoe;user14;97919;user;
18;Lopez;Benjamin;user15;98763;user;
19;Harris;Oliver;user16;24151;user;
20;Anderson;Levi;user17;70023;user;
21;Garcia;Nova;user18;62117;user;
22;Hall;Emily;user19;76541;user;
23;Baker;Lucy;user20;01938;user;
24;King;Henry;user21;45485;user;
25;Flores;Asher;user22;79016;user;
26;Thomas;Violet;user23;57742;user;
27;Lopez;Mateo;user24;21123;user;
28;Nelson;William;user25;50710;user;
29;Flores;Emilia;user26;88613;user;
30;Moore;Gabriel;user27;81818;user;
31;Baker;Aria;user28;30547;user;
32;Gonzalez;Noah;user29;09565;user;
33;King;Layla;user30;99632;user;
34;Brown;Aria;user31;74329;user;
35;Lopez;Sebastian;user32;12704;user;
36;Johnson;Abigail;user33;65031;user;
37;Lopez;Carter;user34;43195;user;
38;Lopez;Elizabeth;user35;90732;user;
39;Jones;Avery;user36;62524;user;
40;Smith;Asher;user37;93779;user;
41;Martin;Noah;user38;27765;user;
42;Adams;Zoey;user39;04136;user;
43;Williams;Matthew;user40;46692;user;
44;Lopez;Ezra;user41;35917;user;
45;Taylor;Ethan;user42;66143;user;
46;Green;Emily;user43;38294;user;
47;Roberts;Michael;user44;31229;user;
48;Green;Gianna;user45;58203;user;
49;Baker;Joseph;user46;18695;user;
50;Wilson;Josiah;user47;83537;user;
